{
  "table3": {
    "Total Samples": 7054,
    "Training Set": "4246 (60%)",
    "Validation Set": "890 (13%)",
    "Test Set": "1918 (27%)",
    "Number of Classes": "16 (MITRE Tactics)",
    "Avg. Text Length": "32 tokens",
    "Adversarial Pool": "500 samples"
  },
  "table5": {
    "Random": {
      "clean_accuracy_mean": 0.7176,
      "clean_accuracy_std": 0.014827002394280524,
      "robust_accuracy_mean": 0.002,
      "robust_accuracy_std": 0.0021908902300206644,
      "attack_success_rate_mean": 0.9971399999999999,
      "attack_success_rate_std": 0.0031771685507697095,
      "f1_macro_mean": 0.5264867879776565,
      "f1_macro_std": 0.04662672211041364,
      "samples_used_mean": 50.0,
      "samples_used_std": 0.0
    },
    "No Adv. Train": {
      "clean_accuracy_mean": 0.7304,
      "clean_accuracy_std": 0.011271202242884306,
      "robust_accuracy_mean": 0.0024000000000000002,
      "robust_accuracy_std": 0.0014966629547095765,
      "attack_success_rate_mean": 0.9966890809760305,
      "attack_success_rate_std": 0.002081349155182799,
      "f1_macro_mean": 0.5725115140108553,
      "f1_macro_std": 0.025583939703736822,
      "samples_used_mean": 0.0,
      "samples_used_std": 0.0
    },
    "Full Adv. Train": {
      "clean_accuracy_mean": 0.712,
      "clean_accuracy_std": 0.0198796378236627,
      "robust_accuracy_mean": 0.0012000000000000001,
      "robust_accuracy_std": 0.0024000000000000002,
      "attack_success_rate_mean": 0.9983561643835618,
      "attack_success_rate_std": 0.0032876712328766987,
      "f1_macro_mean": 0.5114454799300823,
      "f1_macro_std": 0.04253760825210415,
      "samples_used_mean": 160.8,
      "samples_used_std": 14.441606558828557
    },
    "Margin": {
      "clean_accuracy_mean": 0.7667999999999999,
      "clean_accuracy_std": 0.013541048703848617,
      "robust_accuracy_mean": 0.002,
      "robust_accuracy_std": 0.0025298221281347035,
      "attack_success_rate_mean": 0.99742,
      "attack_success_rate_std": 0.0032424681956805795,
      "f1_macro_mean": 0.420496770203619,
      "f1_macro_std": 0.022720614174397233,
      "samples_used_mean": 60.0,
      "samples_used_std": 20.0
    },
    "AL-Entropy": {
      "clean_accuracy_mean": 0.756,
      "clean_accuracy_std": 0.007797435475847178,
      "robust_accuracy_mean": 0.0016,
      "robust_accuracy_std": 0.0019595917942265427,
      "attack_success_rate_mean": 0.99786,
      "attack_success_rate_std": 0.0026211447880649234,
      "f1_macro_mean": 0.4202364086077555,
      "f1_macro_std": 0.022120704258133252,
      "samples_used_mean": 50.0,
      "samples_used_std": 0.0
    }
  },
  "seeds": [
    42,
    123,
    456,
    789,
    1024
  ],
  "config": {
    "model": "jackaduma/SecBERT",
    "max_length": 256,
    "batch_size": 16,
    "baseline_epochs": 15,
    "al_budget": 50,
    "al_iterations": 5,
    "al_pool_size": 500,
    "attack_samples": 500
  }
}