{
  "config": {
    "model_name": "jackaduma/SecBERT",
    "epochs": 5,
    "fgsm_epochs": 1,
    "batch_size": 8,
    "learning_rate": 2e-05,
    "fgsm_epsilon": 0.005,
    "top_k_labels": 15,
    "seed": 42
  },
  "dataset": {
    "train_samples": 2423,
    "dev_samples": 890,
    "test_samples": 1918,
    "num_classes": 16
  },
  "baseline": {
    "test_metrics": {
      "accuracy": 0.32012513034410844,
      "balanced_accuracy": 0.13072216874856096,
      "f1_macro": 0.0952836795143382,
      "f1_weighted": 0.35311528354692756,
      "f1_micro": 0.32012513034410844,
      "precision_macro": 0.09946640029232645,
      "precision_weighted": 0.47677831741377613,
      "recall_macro": 0.13072216874856096,
      "recall_weighted": 0.32012513034410844,
      "f1_1049": 0.0,
      "f1_1170": 0.17647058823529413,
      "f1_1348": 0.0,
      "f1_1401": 0.0,
      "f1_161": 0.12280701754385964,
      "f1_195": 0.0,
      "f1_202": 0.4041994750656168,
      "f1_368": 0.0,
      "f1_452": 0.0,
      "f1_467": 0.0273972602739726,
      "f1_514": 0.0,
      "f1_544": 0.029411764705882353,
      "f1_581": 0.47840172786177104
    },
    "robustness": {
      "n_samples": 200,
      "n_originally_correct": 66,
      "n_robust_correct": 64,
      "n_successful_attacks": 2,
      "clean_accuracy": 0.33,
      "robust_accuracy": 0.32,
      "attack_success_rate": 0.030303030303030304,
      "robustness_gap": 0.010000000000000009
    },
    "training_history": {
      "train_loss": [
        2.0959468670804116,
        1.7057243579685097,
        1.6262795500235983,
        1.5860153621572866,
        1.5544420091232451
      ],
      "dev_acc": [
        0.503370786516854,
        0.503370786516854,
        0.5146067415730337,
        0.5146067415730337,
        0.503370786516854
      ],
      "dev_f1": [
        0.10930117748456848,
        0.10930117748456848,
        0.11036902458471087,
        0.11036902458471087,
        0.10930117748456848
      ],
      "best_f1": 0.11036902458471087
    }
  },
  "adversarial": {
    "test_metrics": {
      "accuracy": 0.1543274244004171,
      "balanced_accuracy": 0.14280747870513258,
      "f1_macro": 0.06429914155029867,
      "f1_weighted": 0.1623695049992745,
      "f1_micro": 0.1543274244004171,
      "precision_macro": 0.09103832628536387,
      "precision_weighted": 0.5524427029518694,
      "recall_macro": 0.12376648154444822,
      "recall_weighted": 0.1543274244004171,
      "f1_1049": 0.0,
      "f1_1170": 0.0,
      "f1_1348": 0.0,
      "f1_1401": 0.09688581314878893,
      "f1_161": 0.02857142857142857,
      "f1_195": 0.04285714285714286,
      "f1_202": 0.10606060606060606,
      "f1_368": 0.0,
      "f1_452": 0.42065009560229444,
      "f1_467": 0.055299539170506916,
      "f1_514": 0.0,
      "f1_544": 0.0,
      "f1_581": 0.0,
      "f1_685": 0.029411764705882353,
      "f1_688": 0.18475073313782991
    },
    "robustness": {
      "n_samples": 200,
      "n_originally_correct": 32,
      "n_robust_correct": 32,
      "n_successful_attacks": 0,
      "clean_accuracy": 0.16,
      "robust_accuracy": 0.16,
      "attack_success_rate": 0.0,
      "robustness_gap": 0.0
    },
    "training_history": {
      "train_loss": [
        1.9162529518108558
      ],
      "clean_loss": [
        1.5787112628272657
      ],
      "adv_loss": [
        2.7038501748944275
      ],
      "dev_acc": [
        0.18764044943820224
      ],
      "dev_f1": [
        0.10504039829966863
      ]
    }
  },
  "attack_comparison": {
    "Synonym": {
      "n_samples": 100,
      "n_originally_correct": 20,
      "n_robust_correct": 20,
      "n_successful_attacks": 0,
      "clean_accuracy": 0.2,
      "robust_accuracy": 0.2,
      "attack_success_rate": 0.0,
      "robustness_gap": 0.0
    },
    "CharSwap": {
      "n_samples": 100,
      "n_originally_correct": 20,
      "n_robust_correct": 19,
      "n_successful_attacks": 1,
      "clean_accuracy": 0.2,
      "robust_accuracy": 0.19,
      "attack_success_rate": 0.05,
      "robustness_gap": 0.010000000000000009
    },
    "Homoglyph": {
      "n_samples": 100,
      "n_originally_correct": 20,
      "n_robust_correct": 20,
      "n_successful_attacks": 0,
      "clean_accuracy": 0.2,
      "robust_accuracy": 0.2,
      "attack_success_rate": 0.0,
      "robustness_gap": 0.0
    },
    "KeyboardTypo": {
      "n_samples": 100,
      "n_originally_correct": 20,
      "n_robust_correct": 21,
      "n_successful_attacks": 0,
      "clean_accuracy": 0.2,
      "robust_accuracy": 0.21,
      "attack_success_rate": 0.0,
      "robustness_gap": -0.009999999999999981
    },
    "Combined": {
      "n_samples": 100,
      "n_originally_correct": 20,
      "n_robust_correct": 20,
      "n_successful_attacks": 0,
      "clean_accuracy": 0.2,
      "robust_accuracy": 0.2,
      "attack_success_rate": 0.0,
      "robustness_gap": 0.0
    }
  },
  "improvement": {
    "n_samples": {
      "baseline": 200,
      "adversarial": 200,
      "difference": 0,
      "relative_change": 0.0
    },
    "n_originally_correct": {
      "baseline": 66,
      "adversarial": 32,
      "difference": -34,
      "relative_change": -0.5151515151515151
    },
    "n_robust_correct": {
      "baseline": 64,
      "adversarial": 32,
      "difference": -32,
      "relative_change": -0.5
    },
    "n_successful_attacks": {
      "baseline": 2,
      "adversarial": 0,
      "difference": -2,
      "relative_change": -1.0
    },
    "clean_accuracy": {
      "baseline": 0.33,
      "adversarial": 0.16,
      "difference": -0.17,
      "relative_change": -0.5151515151515151
    },
    "robust_accuracy": {
      "baseline": 0.32,
      "adversarial": 0.16,
      "difference": -0.16,
      "relative_change": -0.5
    },
    "attack_success_rate": {
      "baseline": 0.030303030303030304,
      "adversarial": 0.0,
      "difference": -0.030303030303030304,
      "relative_change": -1.0
    },
    "robustness_gap": {
      "baseline": 0.010000000000000009,
      "adversarial": 0.0,
      "difference": -0.010000000000000009,
      "relative_change": -1.0
    },
    "asr_reduction_percent": 100.0
  },
  "timestamp": "2026-01-04T10:10:46.653401"
}